{
  "india_vix_close": [
    10.02,
    51.72739999999999
  ],
  "vix_roc_5d": [
    -22.919030049857202,
    48.15441176470586
  ],
  "nifty_yang_zhang_vol": [
    6.90607556770489,
    73.66184061637627
  ],
  "nifty_garman_klass_vol": [
    6.177072165501253,
    53.35335002867396
  ],
  "nifty_atr_pctile_60d": [
    1.6666666666666667,
    100.0
  ],
  "nifty_ema20_distance": [
    -8.266832089384241,
    4.8069200697014525
  ],
  "nifty_ema50_distance": [
    -15.967980036338153,
    8.302601607651958
  ],
  "nifty_ema200_distance": [
    -7.828115141668273,
    27.76804627177064
  ],
  "nifty_ema20_slope": [
    -4.2095972776315325,
    2.348321767232645
  ],
  "nifty_adx14": [
    10.816295673700443,
    50.175624727661514
  ],
  "nifty_return_5d": [
    -6.1703620871399405,
    5.967027361967644
  ],
  "breadth_momentum_5d": [
    -41.64995014838471,
    50.63072498307472
  ],
  "ad_ratio": [
    0.06848282484745424,
    7.067492997198876
  ],
  "ad_ratio_5d_avg": [
    0.39857733182924526,
    3.78819533965893
  ],
  "universe_pct_above_ema20": [
    4.32387667887668,
    88.10263779435493
  ],
  "nifty50_pct_above_ema20": [
    2.851609383524277,
    97.5609756097561
  ],
  "volume_trend_ratio": [
    0.7020952432893511,
    1.408810239893527
  ],
  "up_volume_ratio": [
    0.05515168262300612,
    0.8871937706983987
  ],
  "nifty_pcr_oi": [
    0.4566642944347245,
    1.6233115623286496
  ],
  "nifty_fut_basis_pct": [
    -0.09612315707012364,
    0.7152297143444623
  ],
  "fii_net_idx_fut_oi": [
    -276421.9,
    345134.7499999997
  ],
  "fii_vs_client_ratio": [
    -0.29530900150192546,
    0.30080998765744177
  ],
  "fii_flow_delta": [
    -52512.75,
    58537.60999999993
  ],
  "dii_flow_delta": [
    -15486.59,
    16210.579999999993
  ],
  "gift_nifty_overnight_gap": [
    -1.8080004638463594,
    2.41800316403806
  ],
  "sp500_overnight_return": [
    -3.582749590431476,
    3.00586746234433
  ],
  "dxy_overnight_change": [
    -1.1102120944401173,
    1.0359968821443994
  ],
  "us10y_overnight_change": [
    -9.061644258320472,
    9.150843615908624
  ]
}